[
    {
        "nombre":"Berlinburger International",
        "tipo":"Hamburguesería",
        "localizacion":"Berlín, Alemania",
        "horario":"12:00h - 23:00h",
        "precios":"Hasta 30 €",
        "telefono":"23556456",
        "premios":"4",
        "capacidad":"15 personas"
    },
    {
        "nombre":"Pizzeria Da Michele",
        "tipo":"Pizzería",
        "localizacion":"Napoles, Italia",
        "horario":"18:00h - 24:00h",
        "precios":"Hasta 60 €",
        "telefono":"12121212",
        "premios":"3",
        "capacidad":"20 personas"
    },
    {
        "nombre":"Vegan Beat",
        "tipo":"Vegetariano",
        "localizacion":"Atenas, Grecia",
        "horario":"9:00h - 23:00h",
        "precios":"Hasta 50 €",
        "telefono":"6789567",
        "premios":"7",
        "capacidad":"10 personas"
    },
    {
        "nombre":"Kaikaya By The Sea",
        "tipo":"Pescado y marisco",
        "localizacion":"Tokyo, Japón",
        "horario":"19:00h - 24:00h",
        "precios":"Hasta 80 €",
        "telefono":"111111112",
        "premios":"22",
        "capacidad":"15 personas"
    },
    {
        "nombre":"Mama Juana",
        "tipo":"Pizzería",
        "localizacion":"Getafe, España",
        "horario":"Abierto 24h",
        "precios":"Hasta 20 €",
        "telefono":"9876543",
        "premios":"100",
        "capacidad":"2 personas"
    },
    {
        "nombre":"Noma",
        "tipo":"Cocina de autor",
        "localizacion":"Billund, Dinamarca",
        "horario":"12:00h - 23:00h",
        "precios":"Hasta 300 €",
        "telefono":"6784768",
        "premios":"70",
        "capacidad":"50 personas"
    },
    {
        "nombre":"Central",
        "tipo":"Carne",
        "localizacion":"Lima, Perú",
        "horario":"15:00h - 24:00h",
        "precios":"Hasta 200 €",
        "telefono":"55555555",
        "premios":"45",
        "capacidad":"45 personas"
    },
    {
        "nombre":"The Chairman",
        "tipo":"Cocina asiatica",
        "localizacion":"Hong Kong, China",
        "horario":"19:00h - 23:00h",
        "precios":"Hasta 300 €",
        "telefono":"44444444",
        "premios":"99",
        "capacidad":"96 personas"
    },
    {
        "nombre":"Bar Tolo",
        "tipo":"Cocina de autor",
        "localizacion":"Parla, España",
        "horario":"Abierto 24h",
        "precios":"Hasta 5 €",
        "telefono":"47854635",
        "premios":"999",
        "capacidad":"10 personas"
    },
    {
        "nombre":"Casa Lola",
        "tipo":"Cocina española",
        "localizacion":"Sevilla, España",
        "horario":"18:00h - 24:00h",
        "precios":"Hasta 60 €",
        "telefono":"6785673",
        "premios":"55",
        "capacidad":"25 personas"
    }


]